<?xml version="1.0" encoding="UTF-8"?>
<config xmlns="http://www.knime.org/2008/09/XMLConfig" xmlns:xsi="http://www.w3.org/2001/XMLSchema-instance" xsi:schemaLocation="http://www.knime.org/2008/09/XMLConfig http://www.knime.org/XMLConfig_2008_09.xsd" key="MiningSchema">
<config key="learning">
<entry key="array-size" type="xint" value="96"/>
<entry key="0" type="xstring" value="1+Mean(measurement)"/>
<entry key="1" type="xstring" value="2+Mean(measurement)"/>
<entry key="2" type="xstring" value="3+Mean(measurement)"/>
<entry key="3" type="xstring" value="4+Mean(measurement)"/>
<entry key="4" type="xstring" value="5+Mean(measurement)"/>
<entry key="5" type="xstring" value="6+Mean(measurement)"/>
<entry key="6" type="xstring" value="7+Mean(measurement)"/>
<entry key="7" type="xstring" value="8+Mean(measurement)"/>
<entry key="8" type="xstring" value="9+Mean(measurement)"/>
<entry key="9" type="xstring" value="10+Mean(measurement)"/>
<entry key="10" type="xstring" value="11+Mean(measurement)"/>
<entry key="11" type="xstring" value="12+Mean(measurement)"/>
<entry key="12" type="xstring" value="13+Mean(measurement)"/>
<entry key="13" type="xstring" value="14+Mean(measurement)"/>
<entry key="14" type="xstring" value="15+Mean(measurement)"/>
<entry key="15" type="xstring" value="16+Mean(measurement)"/>
<entry key="16" type="xstring" value="17+Mean(measurement)"/>
<entry key="17" type="xstring" value="18+Mean(measurement)"/>
<entry key="18" type="xstring" value="19+Mean(measurement)"/>
<entry key="19" type="xstring" value="20+Mean(measurement)"/>
<entry key="20" type="xstring" value="21+Mean(measurement)"/>
<entry key="21" type="xstring" value="22+Mean(measurement)"/>
<entry key="22" type="xstring" value="23+Mean(measurement)"/>
<entry key="23" type="xstring" value="24+Mean(measurement)"/>
<entry key="24" type="xstring" value="25+Mean(measurement)"/>
<entry key="25" type="xstring" value="26+Mean(measurement)"/>
<entry key="26" type="xstring" value="27+Mean(measurement)"/>
<entry key="27" type="xstring" value="28+Mean(measurement)"/>
<entry key="28" type="xstring" value="29+Mean(measurement)"/>
<entry key="29" type="xstring" value="30+Mean(measurement)"/>
<entry key="30" type="xstring" value="31+Mean(measurement)"/>
<entry key="31" type="xstring" value="32+Mean(measurement)"/>
<entry key="32" type="xstring" value="33+Mean(measurement)"/>
<entry key="33" type="xstring" value="34+Mean(measurement)"/>
<entry key="34" type="xstring" value="35+Mean(measurement)"/>
<entry key="35" type="xstring" value="36+Mean(measurement)"/>
<entry key="36" type="xstring" value="37+Mean(measurement)"/>
<entry key="37" type="xstring" value="38+Mean(measurement)"/>
<entry key="38" type="xstring" value="39+Mean(measurement)"/>
<entry key="39" type="xstring" value="40+Mean(measurement)"/>
<entry key="40" type="xstring" value="41+Mean(measurement)"/>
<entry key="41" type="xstring" value="42+Mean(measurement)"/>
<entry key="42" type="xstring" value="43+Mean(measurement)"/>
<entry key="43" type="xstring" value="44+Mean(measurement)"/>
<entry key="44" type="xstring" value="45+Mean(measurement)"/>
<entry key="45" type="xstring" value="46+Mean(measurement)"/>
<entry key="46" type="xstring" value="47+Mean(measurement)"/>
<entry key="47" type="xstring" value="48+Mean(measurement)"/>
<entry key="48" type="xstring" value="49+Mean(measurement)"/>
<entry key="49" type="xstring" value="50+Mean(measurement)"/>
<entry key="50" type="xstring" value="51+Mean(measurement)"/>
<entry key="51" type="xstring" value="52+Mean(measurement)"/>
<entry key="52" type="xstring" value="53+Mean(measurement)"/>
<entry key="53" type="xstring" value="54+Mean(measurement)"/>
<entry key="54" type="xstring" value="55+Mean(measurement)"/>
<entry key="55" type="xstring" value="56+Mean(measurement)"/>
<entry key="56" type="xstring" value="57+Mean(measurement)"/>
<entry key="57" type="xstring" value="58+Mean(measurement)"/>
<entry key="58" type="xstring" value="59+Mean(measurement)"/>
<entry key="59" type="xstring" value="60+Mean(measurement)"/>
<entry key="60" type="xstring" value="61+Mean(measurement)"/>
<entry key="61" type="xstring" value="62+Mean(measurement)"/>
<entry key="62" type="xstring" value="63+Mean(measurement)"/>
<entry key="63" type="xstring" value="64+Mean(measurement)"/>
<entry key="64" type="xstring" value="65+Mean(measurement)"/>
<entry key="65" type="xstring" value="66+Mean(measurement)"/>
<entry key="66" type="xstring" value="67+Mean(measurement)"/>
<entry key="67" type="xstring" value="68+Mean(measurement)"/>
<entry key="68" type="xstring" value="69+Mean(measurement)"/>
<entry key="69" type="xstring" value="70+Mean(measurement)"/>
<entry key="70" type="xstring" value="71+Mean(measurement)"/>
<entry key="71" type="xstring" value="72+Mean(measurement)"/>
<entry key="72" type="xstring" value="73+Mean(measurement)"/>
<entry key="73" type="xstring" value="74+Mean(measurement)"/>
<entry key="74" type="xstring" value="75+Mean(measurement)"/>
<entry key="75" type="xstring" value="76+Mean(measurement)"/>
<entry key="76" type="xstring" value="77+Mean(measurement)"/>
<entry key="77" type="xstring" value="78+Mean(measurement)"/>
<entry key="78" type="xstring" value="79+Mean(measurement)"/>
<entry key="79" type="xstring" value="80+Mean(measurement)"/>
<entry key="80" type="xstring" value="81+Mean(measurement)"/>
<entry key="81" type="xstring" value="82+Mean(measurement)"/>
<entry key="82" type="xstring" value="83+Mean(measurement)"/>
<entry key="83" type="xstring" value="84+Mean(measurement)"/>
<entry key="84" type="xstring" value="85+Mean(measurement)"/>
<entry key="85" type="xstring" value="86+Mean(measurement)"/>
<entry key="86" type="xstring" value="87+Mean(measurement)"/>
<entry key="87" type="xstring" value="88+Mean(measurement)"/>
<entry key="88" type="xstring" value="89+Mean(measurement)"/>
<entry key="89" type="xstring" value="90+Mean(measurement)"/>
<entry key="90" type="xstring" value="91+Mean(measurement)"/>
<entry key="91" type="xstring" value="92+Mean(measurement)"/>
<entry key="92" type="xstring" value="93+Mean(measurement)"/>
<entry key="93" type="xstring" value="94+Mean(measurement)"/>
<entry key="94" type="xstring" value="95+Mean(measurement)"/>
<entry key="95" type="xstring" value="96+Mean(measurement)"/>
</config>
<config key="target">
<entry key="array-size" type="xint" value="0"/>
</config>
</config>
