<?xml version="1.0" encoding="UTF-8"?>
<config xmlns="http://www.knime.org/2008/09/XMLConfig" xmlns:xsi="http://www.w3.org/2001/XMLSchema-instance" xsi:schemaLocation="http://www.knime.org/2008/09/XMLConfig http://www.knime.org/XMLConfig_2008_09.xsd" key="MiningSchema">
<config key="learning">
<entry key="array-size" type="xint" value="96"/>
<entry key="0" type="xstring" value="PCA dimension 0"/>
<entry key="1" type="xstring" value="PCA dimension 1"/>
<entry key="2" type="xstring" value="PCA dimension 2"/>
<entry key="3" type="xstring" value="PCA dimension 3"/>
<entry key="4" type="xstring" value="PCA dimension 4"/>
<entry key="5" type="xstring" value="PCA dimension 5"/>
<entry key="6" type="xstring" value="PCA dimension 6"/>
<entry key="7" type="xstring" value="PCA dimension 7"/>
<entry key="8" type="xstring" value="PCA dimension 8"/>
<entry key="9" type="xstring" value="PCA dimension 9"/>
<entry key="10" type="xstring" value="PCA dimension 10"/>
<entry key="11" type="xstring" value="PCA dimension 11"/>
<entry key="12" type="xstring" value="PCA dimension 12"/>
<entry key="13" type="xstring" value="PCA dimension 13"/>
<entry key="14" type="xstring" value="PCA dimension 14"/>
<entry key="15" type="xstring" value="PCA dimension 15"/>
<entry key="16" type="xstring" value="PCA dimension 16"/>
<entry key="17" type="xstring" value="PCA dimension 17"/>
<entry key="18" type="xstring" value="PCA dimension 18"/>
<entry key="19" type="xstring" value="PCA dimension 19"/>
<entry key="20" type="xstring" value="PCA dimension 20"/>
<entry key="21" type="xstring" value="PCA dimension 21"/>
<entry key="22" type="xstring" value="PCA dimension 22"/>
<entry key="23" type="xstring" value="PCA dimension 23"/>
<entry key="24" type="xstring" value="PCA dimension 24"/>
<entry key="25" type="xstring" value="PCA dimension 25"/>
<entry key="26" type="xstring" value="PCA dimension 26"/>
<entry key="27" type="xstring" value="PCA dimension 27"/>
<entry key="28" type="xstring" value="PCA dimension 28"/>
<entry key="29" type="xstring" value="PCA dimension 29"/>
<entry key="30" type="xstring" value="PCA dimension 30"/>
<entry key="31" type="xstring" value="PCA dimension 31"/>
<entry key="32" type="xstring" value="PCA dimension 32"/>
<entry key="33" type="xstring" value="PCA dimension 33"/>
<entry key="34" type="xstring" value="PCA dimension 34"/>
<entry key="35" type="xstring" value="PCA dimension 35"/>
<entry key="36" type="xstring" value="PCA dimension 36"/>
<entry key="37" type="xstring" value="PCA dimension 37"/>
<entry key="38" type="xstring" value="PCA dimension 38"/>
<entry key="39" type="xstring" value="PCA dimension 39"/>
<entry key="40" type="xstring" value="PCA dimension 40"/>
<entry key="41" type="xstring" value="PCA dimension 41"/>
<entry key="42" type="xstring" value="PCA dimension 42"/>
<entry key="43" type="xstring" value="PCA dimension 43"/>
<entry key="44" type="xstring" value="PCA dimension 44"/>
<entry key="45" type="xstring" value="PCA dimension 45"/>
<entry key="46" type="xstring" value="PCA dimension 46"/>
<entry key="47" type="xstring" value="PCA dimension 47"/>
<entry key="48" type="xstring" value="PCA dimension 48"/>
<entry key="49" type="xstring" value="PCA dimension 49"/>
<entry key="50" type="xstring" value="PCA dimension 50"/>
<entry key="51" type="xstring" value="PCA dimension 51"/>
<entry key="52" type="xstring" value="PCA dimension 52"/>
<entry key="53" type="xstring" value="PCA dimension 53"/>
<entry key="54" type="xstring" value="PCA dimension 54"/>
<entry key="55" type="xstring" value="PCA dimension 55"/>
<entry key="56" type="xstring" value="PCA dimension 56"/>
<entry key="57" type="xstring" value="PCA dimension 57"/>
<entry key="58" type="xstring" value="PCA dimension 58"/>
<entry key="59" type="xstring" value="PCA dimension 59"/>
<entry key="60" type="xstring" value="PCA dimension 60"/>
<entry key="61" type="xstring" value="PCA dimension 61"/>
<entry key="62" type="xstring" value="PCA dimension 62"/>
<entry key="63" type="xstring" value="PCA dimension 63"/>
<entry key="64" type="xstring" value="PCA dimension 64"/>
<entry key="65" type="xstring" value="PCA dimension 65"/>
<entry key="66" type="xstring" value="PCA dimension 66"/>
<entry key="67" type="xstring" value="PCA dimension 67"/>
<entry key="68" type="xstring" value="PCA dimension 68"/>
<entry key="69" type="xstring" value="PCA dimension 69"/>
<entry key="70" type="xstring" value="PCA dimension 70"/>
<entry key="71" type="xstring" value="PCA dimension 71"/>
<entry key="72" type="xstring" value="PCA dimension 72"/>
<entry key="73" type="xstring" value="PCA dimension 73"/>
<entry key="74" type="xstring" value="PCA dimension 74"/>
<entry key="75" type="xstring" value="PCA dimension 75"/>
<entry key="76" type="xstring" value="PCA dimension 76"/>
<entry key="77" type="xstring" value="PCA dimension 77"/>
<entry key="78" type="xstring" value="PCA dimension 78"/>
<entry key="79" type="xstring" value="PCA dimension 79"/>
<entry key="80" type="xstring" value="PCA dimension 80"/>
<entry key="81" type="xstring" value="PCA dimension 81"/>
<entry key="82" type="xstring" value="PCA dimension 82"/>
<entry key="83" type="xstring" value="PCA dimension 83"/>
<entry key="84" type="xstring" value="PCA dimension 84"/>
<entry key="85" type="xstring" value="PCA dimension 85"/>
<entry key="86" type="xstring" value="PCA dimension 86"/>
<entry key="87" type="xstring" value="PCA dimension 87"/>
<entry key="88" type="xstring" value="PCA dimension 88"/>
<entry key="89" type="xstring" value="PCA dimension 89"/>
<entry key="90" type="xstring" value="PCA dimension 90"/>
<entry key="91" type="xstring" value="PCA dimension 91"/>
<entry key="92" type="xstring" value="PCA dimension 92"/>
<entry key="93" type="xstring" value="PCA dimension 93"/>
<entry key="94" type="xstring" value="PCA dimension 94"/>
<entry key="95" type="xstring" value="PCA dimension 95"/>
</config>
<config key="target">
<entry key="array-size" type="xint" value="0"/>
</config>
</config>
