<?xml version="1.0" encoding="UTF-8"?>
<config xmlns="http://www.knime.org/2008/09/XMLConfig" xmlns:xsi="http://www.w3.org/2001/XMLSchema-instance" xsi:schemaLocation="http://www.knime.org/2008/09/XMLConfig http://www.knime.org/XMLConfig_2008_09.xsd" key="model.xml">
<entry key="version" type="xint" value="1"/>
<entry key="class_name" type="xstring" value="org.knime.base.data.normalize.NormalizerPortObject"/>
<config key="model">
<config key="columns">
<config key="1+Mean(measurement)">
<entry key="column_name" type="xstring" value="1+Mean(measurement)"/>
<entry key="column_scale" type="xdouble" value="0.8044832207685096"/>
<entry key="column_translate" type="xdouble" value="0.0"/>
<entry key="column_min" type="xdouble" value="0.0"/>
<entry key="column_max" type="xdouble" value="1.0"/>
</config>
<config key="2+Mean(measurement)">
<entry key="column_name" type="xstring" value="2+Mean(measurement)"/>
<entry key="column_scale" type="xdouble" value="0.8028349465911322"/>
<entry key="column_translate" type="xdouble" value="0.0"/>
<entry key="column_min" type="xdouble" value="0.0"/>
<entry key="column_max" type="xdouble" value="1.0"/>
</config>
<config key="3+Mean(measurement)">
<entry key="column_name" type="xstring" value="3+Mean(measurement)"/>
<entry key="column_scale" type="xdouble" value="0.7977554151522411"/>
<entry key="column_translate" type="xdouble" value="0.0"/>
<entry key="column_min" type="xdouble" value="0.0"/>
<entry key="column_max" type="xdouble" value="1.0"/>
</config>
<config key="4+Mean(measurement)">
<entry key="column_name" type="xstring" value="4+Mean(measurement)"/>
<entry key="column_scale" type="xdouble" value="0.8262346131359024"/>
<entry key="column_translate" type="xdouble" value="0.0"/>
<entry key="column_min" type="xdouble" value="0.0"/>
<entry key="column_max" type="xdouble" value="1.0"/>
</config>
<config key="5+Mean(measurement)">
<entry key="column_name" type="xstring" value="5+Mean(measurement)"/>
<entry key="column_scale" type="xdouble" value="0.8227648859825463"/>
<entry key="column_translate" type="xdouble" value="0.0"/>
<entry key="column_min" type="xdouble" value="0.0"/>
<entry key="column_max" type="xdouble" value="1.0"/>
</config>
<config key="6+Mean(measurement)">
<entry key="column_name" type="xstring" value="6+Mean(measurement)"/>
<entry key="column_scale" type="xdouble" value="0.815156061725036"/>
<entry key="column_translate" type="xdouble" value="0.0"/>
<entry key="column_min" type="xdouble" value="0.0"/>
<entry key="column_max" type="xdouble" value="1.0"/>
</config>
<config key="7+Mean(measurement)">
<entry key="column_name" type="xstring" value="7+Mean(measurement)"/>
<entry key="column_scale" type="xdouble" value="0.8269649912966962"/>
<entry key="column_translate" type="xdouble" value="0.0"/>
<entry key="column_min" type="xdouble" value="0.0"/>
<entry key="column_max" type="xdouble" value="1.0"/>
</config>
<config key="8+Mean(measurement)">
<entry key="column_name" type="xstring" value="8+Mean(measurement)"/>
<entry key="column_scale" type="xdouble" value="0.8055777897135326"/>
<entry key="column_translate" type="xdouble" value="0.0"/>
<entry key="column_min" type="xdouble" value="0.0"/>
<entry key="column_max" type="xdouble" value="1.0"/>
</config>
<config key="9+Mean(measurement)">
<entry key="column_name" type="xstring" value="9+Mean(measurement)"/>
<entry key="column_scale" type="xdouble" value="0.8197184879537575"/>
<entry key="column_translate" type="xdouble" value="0.0"/>
<entry key="column_min" type="xdouble" value="0.0"/>
<entry key="column_max" type="xdouble" value="1.0"/>
</config>
<config key="10+Mean(measurement)">
<entry key="column_name" type="xstring" value="10+Mean(measurement)"/>
<entry key="column_scale" type="xdouble" value="0.8692001441101503"/>
<entry key="column_translate" type="xdouble" value="0.0"/>
<entry key="column_min" type="xdouble" value="0.0"/>
<entry key="column_max" type="xdouble" value="1.0"/>
</config>
<config key="11+Mean(measurement)">
<entry key="column_name" type="xstring" value="11+Mean(measurement)"/>
<entry key="column_scale" type="xdouble" value="0.8294005741116254"/>
<entry key="column_translate" type="xdouble" value="0.0"/>
<entry key="column_min" type="xdouble" value="0.0"/>
<entry key="column_max" type="xdouble" value="1.0"/>
</config>
<config key="12+Mean(measurement)">
<entry key="column_name" type="xstring" value="12+Mean(measurement)"/>
<entry key="column_scale" type="xdouble" value="0.8469379626560545"/>
<entry key="column_translate" type="xdouble" value="0.0"/>
<entry key="column_min" type="xdouble" value="0.0"/>
<entry key="column_max" type="xdouble" value="1.0"/>
</config>
<config key="13+Mean(measurement)">
<entry key="column_name" type="xstring" value="13+Mean(measurement)"/>
<entry key="column_scale" type="xdouble" value="0.8580641907833114"/>
<entry key="column_translate" type="xdouble" value="0.0"/>
<entry key="column_min" type="xdouble" value="0.0"/>
<entry key="column_max" type="xdouble" value="1.0"/>
</config>
<config key="14+Mean(measurement)">
<entry key="column_name" type="xstring" value="14+Mean(measurement)"/>
<entry key="column_scale" type="xdouble" value="0.842484155857512"/>
<entry key="column_translate" type="xdouble" value="0.0"/>
<entry key="column_min" type="xdouble" value="0.0"/>
<entry key="column_max" type="xdouble" value="1.0"/>
</config>
<config key="15+Mean(measurement)">
<entry key="column_name" type="xstring" value="15+Mean(measurement)"/>
<entry key="column_scale" type="xdouble" value="0.8844970441403524"/>
<entry key="column_translate" type="xdouble" value="0.0"/>
<entry key="column_min" type="xdouble" value="0.0"/>
<entry key="column_max" type="xdouble" value="1.0"/>
</config>
<config key="16+Mean(measurement)">
<entry key="column_name" type="xstring" value="16+Mean(measurement)"/>
<entry key="column_scale" type="xdouble" value="0.902920674243848"/>
<entry key="column_translate" type="xdouble" value="0.0"/>
<entry key="column_min" type="xdouble" value="0.0"/>
<entry key="column_max" type="xdouble" value="1.0"/>
</config>
<config key="17+Mean(measurement)">
<entry key="column_name" type="xstring" value="17+Mean(measurement)"/>
<entry key="column_scale" type="xdouble" value="0.846789544542414"/>
<entry key="column_translate" type="xdouble" value="0.0"/>
<entry key="column_min" type="xdouble" value="0.0"/>
<entry key="column_max" type="xdouble" value="1.0"/>
</config>
<config key="18+Mean(measurement)">
<entry key="column_name" type="xstring" value="18+Mean(measurement)"/>
<entry key="column_scale" type="xdouble" value="0.8911289907080935"/>
<entry key="column_translate" type="xdouble" value="0.0"/>
<entry key="column_min" type="xdouble" value="0.0"/>
<entry key="column_max" type="xdouble" value="1.0"/>
</config>
<config key="19+Mean(measurement)">
<entry key="column_name" type="xstring" value="19+Mean(measurement)"/>
<entry key="column_scale" type="xdouble" value="0.8822363933996926"/>
<entry key="column_translate" type="xdouble" value="0.0"/>
<entry key="column_min" type="xdouble" value="0.0"/>
<entry key="column_max" type="xdouble" value="1.0"/>
</config>
<config key="20+Mean(measurement)">
<entry key="column_name" type="xstring" value="20+Mean(measurement)"/>
<entry key="column_scale" type="xdouble" value="0.8557599190004617"/>
<entry key="column_translate" type="xdouble" value="0.0"/>
<entry key="column_min" type="xdouble" value="0.0"/>
<entry key="column_max" type="xdouble" value="1.0"/>
</config>
<config key="21+Mean(measurement)">
<entry key="column_name" type="xstring" value="21+Mean(measurement)"/>
<entry key="column_scale" type="xdouble" value="0.8854149437879313"/>
<entry key="column_translate" type="xdouble" value="0.0"/>
<entry key="column_min" type="xdouble" value="0.0"/>
<entry key="column_max" type="xdouble" value="1.0"/>
</config>
<config key="22+Mean(measurement)">
<entry key="column_name" type="xstring" value="22+Mean(measurement)"/>
<entry key="column_scale" type="xdouble" value="0.8787879137077731"/>
<entry key="column_translate" type="xdouble" value="0.0"/>
<entry key="column_min" type="xdouble" value="0.0"/>
<entry key="column_max" type="xdouble" value="1.0"/>
</config>
<config key="23+Mean(measurement)">
<entry key="column_name" type="xstring" value="23+Mean(measurement)"/>
<entry key="column_scale" type="xdouble" value="0.8928571390558262"/>
<entry key="column_translate" type="xdouble" value="0.0"/>
<entry key="column_min" type="xdouble" value="0.0"/>
<entry key="column_max" type="xdouble" value="1.0"/>
</config>
<config key="24+Mean(measurement)">
<entry key="column_name" type="xstring" value="24+Mean(measurement)"/>
<entry key="column_scale" type="xdouble" value="0.8844970441403524"/>
<entry key="column_translate" type="xdouble" value="0.0"/>
<entry key="column_min" type="xdouble" value="0.0"/>
<entry key="column_max" type="xdouble" value="1.0"/>
</config>
<config key="25+Mean(measurement)">
<entry key="column_name" type="xstring" value="25+Mean(measurement)"/>
<entry key="column_scale" type="xdouble" value="0.8070568678899984"/>
<entry key="column_translate" type="xdouble" value="0.0"/>
<entry key="column_min" type="xdouble" value="0.0"/>
<entry key="column_max" type="xdouble" value="1.0"/>
</config>
<config key="26+Mean(measurement)">
<entry key="column_name" type="xstring" value="26+Mean(measurement)"/>
<entry key="column_scale" type="xdouble" value="0.817490375352717"/>
<entry key="column_translate" type="xdouble" value="0.0"/>
<entry key="column_min" type="xdouble" value="0.0"/>
<entry key="column_max" type="xdouble" value="1.0"/>
</config>
<config key="27+Mean(measurement)">
<entry key="column_name" type="xstring" value="27+Mean(measurement)"/>
<entry key="column_scale" type="xdouble" value="0.8552959096102987"/>
<entry key="column_translate" type="xdouble" value="0.0"/>
<entry key="column_min" type="xdouble" value="0.0"/>
<entry key="column_max" type="xdouble" value="1.0"/>
</config>
<config key="28+Mean(measurement)">
<entry key="column_name" type="xstring" value="28+Mean(measurement)"/>
<entry key="column_scale" type="xdouble" value="0.9061935155469845"/>
<entry key="column_translate" type="xdouble" value="0.0"/>
<entry key="column_min" type="xdouble" value="0.0"/>
<entry key="column_max" type="xdouble" value="1.0"/>
</config>
<config key="29+Mean(measurement)">
<entry key="column_name" type="xstring" value="29+Mean(measurement)"/>
<entry key="column_scale" type="xdouble" value="0.8699041111189808"/>
<entry key="column_translate" type="xdouble" value="0.0"/>
<entry key="column_min" type="xdouble" value="0.0"/>
<entry key="column_max" type="xdouble" value="1.0"/>
</config>
<config key="30+Mean(measurement)">
<entry key="column_name" type="xstring" value="30+Mean(measurement)"/>
<entry key="column_scale" type="xdouble" value="0.862992219950362"/>
<entry key="column_translate" type="xdouble" value="0.0"/>
<entry key="column_min" type="xdouble" value="0.0"/>
<entry key="column_max" type="xdouble" value="1.0"/>
</config>
<config key="31+Mean(measurement)">
<entry key="column_name" type="xstring" value="31+Mean(measurement)"/>
<entry key="column_scale" type="xdouble" value="0.836409951559939"/>
<entry key="column_translate" type="xdouble" value="0.0"/>
<entry key="column_min" type="xdouble" value="0.0"/>
<entry key="column_max" type="xdouble" value="1.0"/>
</config>
<config key="32+Mean(measurement)">
<entry key="column_name" type="xstring" value="32+Mean(measurement)"/>
<entry key="column_scale" type="xdouble" value="0.8055777897135326"/>
<entry key="column_translate" type="xdouble" value="0.0"/>
<entry key="column_min" type="xdouble" value="0.0"/>
<entry key="column_max" type="xdouble" value="1.0"/>
</config>
<config key="33+Mean(measurement)">
<entry key="column_name" type="xstring" value="33+Mean(measurement)"/>
<entry key="column_scale" type="xdouble" value="0.8059582786370915"/>
<entry key="column_translate" type="xdouble" value="0.0"/>
<entry key="column_min" type="xdouble" value="0.0"/>
<entry key="column_max" type="xdouble" value="1.0"/>
</config>
<config key="34+Mean(measurement)">
<entry key="column_name" type="xstring" value="34+Mean(measurement)"/>
<entry key="column_scale" type="xdouble" value="0.7931931036536906"/>
<entry key="column_translate" type="xdouble" value="0.0"/>
<entry key="column_min" type="xdouble" value="0.0"/>
<entry key="column_max" type="xdouble" value="1.0"/>
</config>
<config key="35+Mean(measurement)">
<entry key="column_name" type="xstring" value="35+Mean(measurement)"/>
<entry key="column_scale" type="xdouble" value="0.7774538415604967"/>
<entry key="column_translate" type="xdouble" value="0.0"/>
<entry key="column_min" type="xdouble" value="0.0"/>
<entry key="column_max" type="xdouble" value="1.0"/>
</config>
<config key="36+Mean(measurement)">
<entry key="column_name" type="xstring" value="36+Mean(measurement)"/>
<entry key="column_scale" type="xdouble" value="0.7570280374270348"/>
<entry key="column_translate" type="xdouble" value="0.0"/>
<entry key="column_min" type="xdouble" value="0.0"/>
<entry key="column_max" type="xdouble" value="1.0"/>
</config>
<config key="37+Mean(measurement)">
<entry key="column_name" type="xstring" value="37+Mean(measurement)"/>
<entry key="column_scale" type="xdouble" value="0.7691899580854867"/>
<entry key="column_translate" type="xdouble" value="0.0"/>
<entry key="column_min" type="xdouble" value="0.0"/>
<entry key="column_max" type="xdouble" value="1.0"/>
</config>
<config key="38+Mean(measurement)">
<entry key="column_name" type="xstring" value="38+Mean(measurement)"/>
<entry key="column_scale" type="xdouble" value="0.7793813026895533"/>
<entry key="column_translate" type="xdouble" value="0.0"/>
<entry key="column_min" type="xdouble" value="0.0"/>
<entry key="column_max" type="xdouble" value="1.0"/>
</config>
<config key="39+Mean(measurement)">
<entry key="column_name" type="xstring" value="39+Mean(measurement)"/>
<entry key="column_scale" type="xdouble" value="0.7654945751283763"/>
<entry key="column_translate" type="xdouble" value="0.0"/>
<entry key="column_min" type="xdouble" value="0.0"/>
<entry key="column_max" type="xdouble" value="1.0"/>
</config>
<config key="40+Mean(measurement)">
<entry key="column_name" type="xstring" value="40+Mean(measurement)"/>
<entry key="column_scale" type="xdouble" value="0.790125987138495"/>
<entry key="column_translate" type="xdouble" value="0.0"/>
<entry key="column_min" type="xdouble" value="0.0"/>
<entry key="column_max" type="xdouble" value="1.0"/>
</config>
<config key="41+Mean(measurement)">
<entry key="column_name" type="xstring" value="41+Mean(measurement)"/>
<entry key="column_scale" type="xdouble" value="0.7611549480468645"/>
<entry key="column_translate" type="xdouble" value="0.0"/>
<entry key="column_min" type="xdouble" value="0.0"/>
<entry key="column_max" type="xdouble" value="1.0"/>
</config>
<config key="42+Mean(measurement)">
<entry key="column_name" type="xstring" value="42+Mean(measurement)"/>
<entry key="column_scale" type="xdouble" value="0.7681098907216707"/>
<entry key="column_translate" type="xdouble" value="0.0"/>
<entry key="column_min" type="xdouble" value="0.0"/>
<entry key="column_max" type="xdouble" value="1.0"/>
</config>
<config key="43+Mean(measurement)">
<entry key="column_name" type="xstring" value="43+Mean(measurement)"/>
<entry key="column_scale" type="xdouble" value="0.771092063171652"/>
<entry key="column_translate" type="xdouble" value="0.0"/>
<entry key="column_min" type="xdouble" value="0.0"/>
<entry key="column_max" type="xdouble" value="1.0"/>
</config>
<config key="44+Mean(measurement)">
<entry key="column_name" type="xstring" value="44+Mean(measurement)"/>
<entry key="column_scale" type="xdouble" value="0.7249092676060769"/>
<entry key="column_translate" type="xdouble" value="0.0"/>
<entry key="column_min" type="xdouble" value="0.0"/>
<entry key="column_max" type="xdouble" value="1.0"/>
</config>
<config key="45+Mean(measurement)">
<entry key="column_name" type="xstring" value="45+Mean(measurement)"/>
<entry key="column_scale" type="xdouble" value="0.7102969161224528"/>
<entry key="column_translate" type="xdouble" value="0.0"/>
<entry key="column_min" type="xdouble" value="0.0"/>
<entry key="column_max" type="xdouble" value="1.0"/>
</config>
<config key="46+Mean(measurement)">
<entry key="column_name" type="xstring" value="46+Mean(measurement)"/>
<entry key="column_scale" type="xdouble" value="0.7564296367633506"/>
<entry key="column_translate" type="xdouble" value="0.0"/>
<entry key="column_min" type="xdouble" value="0.0"/>
<entry key="column_max" type="xdouble" value="1.0"/>
</config>
<config key="47+Mean(measurement)">
<entry key="column_name" type="xstring" value="47+Mean(measurement)"/>
<entry key="column_scale" type="xdouble" value="0.7675003799254093"/>
<entry key="column_translate" type="xdouble" value="0.0"/>
<entry key="column_min" type="xdouble" value="0.0"/>
<entry key="column_max" type="xdouble" value="1.0"/>
</config>
<config key="48+Mean(measurement)">
<entry key="column_name" type="xstring" value="48+Mean(measurement)"/>
<entry key="column_scale" type="xdouble" value="0.7555426538574781"/>
<entry key="column_translate" type="xdouble" value="0.0"/>
<entry key="column_min" type="xdouble" value="0.0"/>
<entry key="column_max" type="xdouble" value="1.0"/>
</config>
<config key="49+Mean(measurement)">
<entry key="column_name" type="xstring" value="49+Mean(measurement)"/>
<entry key="column_scale" type="xdouble" value="0.7290276772313556"/>
<entry key="column_translate" type="xdouble" value="0.0"/>
<entry key="column_min" type="xdouble" value="0.0"/>
<entry key="column_max" type="xdouble" value="1.0"/>
</config>
<config key="50+Mean(measurement)">
<entry key="column_name" type="xstring" value="50+Mean(measurement)"/>
<entry key="column_scale" type="xdouble" value="0.695777555103073"/>
<entry key="column_translate" type="xdouble" value="0.0"/>
<entry key="column_min" type="xdouble" value="0.0"/>
<entry key="column_max" type="xdouble" value="1.0"/>
</config>
<config key="51+Mean(measurement)">
<entry key="column_name" type="xstring" value="51+Mean(measurement)"/>
<entry key="column_scale" type="xdouble" value="0.6839786276247652"/>
<entry key="column_translate" type="xdouble" value="0.0"/>
<entry key="column_min" type="xdouble" value="0.0"/>
<entry key="column_max" type="xdouble" value="1.0"/>
</config>
<config key="52+Mean(measurement)">
<entry key="column_name" type="xstring" value="52+Mean(measurement)"/>
<entry key="column_scale" type="xdouble" value="0.6820803373532339"/>
<entry key="column_translate" type="xdouble" value="0.0"/>
<entry key="column_min" type="xdouble" value="0.0"/>
<entry key="column_max" type="xdouble" value="1.0"/>
</config>
<config key="53+Mean(measurement)">
<entry key="column_name" type="xstring" value="53+Mean(measurement)"/>
<entry key="column_scale" type="xdouble" value="0.6639043977312704"/>
<entry key="column_translate" type="xdouble" value="0.0"/>
<entry key="column_min" type="xdouble" value="0.0"/>
<entry key="column_max" type="xdouble" value="1.0"/>
</config>
<config key="54+Mean(measurement)">
<entry key="column_name" type="xstring" value="54+Mean(measurement)"/>
<entry key="column_scale" type="xdouble" value="0.6710166533334304"/>
<entry key="column_translate" type="xdouble" value="0.0"/>
<entry key="column_min" type="xdouble" value="0.0"/>
<entry key="column_max" type="xdouble" value="1.0"/>
</config>
<config key="55+Mean(measurement)">
<entry key="column_name" type="xstring" value="55+Mean(measurement)"/>
<entry key="column_scale" type="xdouble" value="0.680319762797446"/>
<entry key="column_translate" type="xdouble" value="0.0"/>
<entry key="column_min" type="xdouble" value="0.0"/>
<entry key="column_max" type="xdouble" value="1.0"/>
</config>
<config key="56+Mean(measurement)">
<entry key="column_name" type="xstring" value="56+Mean(measurement)"/>
<entry key="column_scale" type="xdouble" value="0.6659163875082569"/>
<entry key="column_translate" type="xdouble" value="0.0"/>
<entry key="column_min" type="xdouble" value="0.0"/>
<entry key="column_max" type="xdouble" value="1.0"/>
</config>
<config key="57+Mean(measurement)">
<entry key="column_name" type="xstring" value="57+Mean(measurement)"/>
<entry key="column_scale" type="xdouble" value="0.6837363958504414"/>
<entry key="column_translate" type="xdouble" value="0.0"/>
<entry key="column_min" type="xdouble" value="0.0"/>
<entry key="column_max" type="xdouble" value="1.0"/>
</config>
<config key="58+Mean(measurement)">
<entry key="column_name" type="xstring" value="58+Mean(measurement)"/>
<entry key="column_scale" type="xdouble" value="0.6856439281182073"/>
<entry key="column_translate" type="xdouble" value="0.0"/>
<entry key="column_min" type="xdouble" value="0.0"/>
<entry key="column_max" type="xdouble" value="1.0"/>
</config>
<config key="59+Mean(measurement)">
<entry key="column_name" type="xstring" value="59+Mean(measurement)"/>
<entry key="column_scale" type="xdouble" value="0.7121284909955129"/>
<entry key="column_translate" type="xdouble" value="0.0"/>
<entry key="column_min" type="xdouble" value="0.0"/>
<entry key="column_max" type="xdouble" value="1.0"/>
</config>
<config key="60+Mean(measurement)">
<entry key="column_name" type="xstring" value="60+Mean(measurement)"/>
<entry key="column_scale" type="xdouble" value="0.6901639999756469"/>
<entry key="column_translate" type="xdouble" value="0.0"/>
<entry key="column_min" type="xdouble" value="0.0"/>
<entry key="column_max" type="xdouble" value="1.0"/>
</config>
<config key="61+Mean(measurement)">
<entry key="column_name" type="xstring" value="61+Mean(measurement)"/>
<entry key="column_scale" type="xdouble" value="0.6665133722862088"/>
<entry key="column_translate" type="xdouble" value="0.0"/>
<entry key="column_min" type="xdouble" value="0.0"/>
<entry key="column_max" type="xdouble" value="1.0"/>
</config>
<config key="62+Mean(measurement)">
<entry key="column_name" type="xstring" value="62+Mean(measurement)"/>
<entry key="column_scale" type="xdouble" value="0.6538451735451967"/>
<entry key="column_translate" type="xdouble" value="0.0"/>
<entry key="column_min" type="xdouble" value="0.0"/>
<entry key="column_max" type="xdouble" value="1.0"/>
</config>
<config key="63+Mean(measurement)">
<entry key="column_name" type="xstring" value="63+Mean(measurement)"/>
<entry key="column_scale" type="xdouble" value="0.6731350243247491"/>
<entry key="column_translate" type="xdouble" value="0.0"/>
<entry key="column_min" type="xdouble" value="0.0"/>
<entry key="column_max" type="xdouble" value="1.0"/>
</config>
<config key="64+Mean(measurement)">
<entry key="column_name" type="xstring" value="64+Mean(measurement)"/>
<entry key="column_scale" type="xdouble" value="0.6787755834251262"/>
<entry key="column_translate" type="xdouble" value="0.0"/>
<entry key="column_min" type="xdouble" value="0.0"/>
<entry key="column_max" type="xdouble" value="1.0"/>
</config>
<config key="65+Mean(measurement)">
<entry key="column_name" type="xstring" value="65+Mean(measurement)"/>
<entry key="column_scale" type="xdouble" value="0.667802836348259"/>
<entry key="column_translate" type="xdouble" value="0.0"/>
<entry key="column_min" type="xdouble" value="0.0"/>
<entry key="column_max" type="xdouble" value="1.0"/>
</config>
<config key="66+Mean(measurement)">
<entry key="column_name" type="xstring" value="66+Mean(measurement)"/>
<entry key="column_scale" type="xdouble" value="0.6719964803651141"/>
<entry key="column_translate" type="xdouble" value="0.0"/>
<entry key="column_min" type="xdouble" value="0.0"/>
<entry key="column_max" type="xdouble" value="1.0"/>
</config>
<config key="67+Mean(measurement)">
<entry key="column_name" type="xstring" value="67+Mean(measurement)"/>
<entry key="column_scale" type="xdouble" value="0.6564057363887844"/>
<entry key="column_translate" type="xdouble" value="0.0"/>
<entry key="column_min" type="xdouble" value="0.0"/>
<entry key="column_max" type="xdouble" value="1.0"/>
</config>
<config key="68+Mean(measurement)">
<entry key="column_name" type="xstring" value="68+Mean(measurement)"/>
<entry key="column_scale" type="xdouble" value="0.6569706559495588"/>
<entry key="column_translate" type="xdouble" value="0.0"/>
<entry key="column_min" type="xdouble" value="0.0"/>
<entry key="column_max" type="xdouble" value="1.0"/>
</config>
<config key="69+Mean(measurement)">
<entry key="column_name" type="xstring" value="69+Mean(measurement)"/>
<entry key="column_scale" type="xdouble" value="0.6602311649024262"/>
<entry key="column_translate" type="xdouble" value="0.0"/>
<entry key="column_min" type="xdouble" value="0.0"/>
<entry key="column_max" type="xdouble" value="1.0"/>
</config>
<config key="70+Mean(measurement)">
<entry key="column_name" type="xstring" value="70+Mean(measurement)"/>
<entry key="column_scale" type="xdouble" value="0.6674493855741447"/>
<entry key="column_translate" type="xdouble" value="0.0"/>
<entry key="column_min" type="xdouble" value="0.0"/>
<entry key="column_max" type="xdouble" value="1.0"/>
</config>
<config key="71+Mean(measurement)">
<entry key="column_name" type="xstring" value="71+Mean(measurement)"/>
<entry key="column_scale" type="xdouble" value="0.6710323806452068"/>
<entry key="column_translate" type="xdouble" value="0.0"/>
<entry key="column_min" type="xdouble" value="0.0"/>
<entry key="column_max" type="xdouble" value="1.0"/>
</config>
<config key="72+Mean(measurement)">
<entry key="column_name" type="xstring" value="72+Mean(measurement)"/>
<entry key="column_scale" type="xdouble" value="0.6800805563025433"/>
<entry key="column_translate" type="xdouble" value="0.0"/>
<entry key="column_min" type="xdouble" value="0.0"/>
<entry key="column_max" type="xdouble" value="1.0"/>
</config>
<config key="73+Mean(measurement)">
<entry key="column_name" type="xstring" value="73+Mean(measurement)"/>
<entry key="column_scale" type="xdouble" value="0.6607275857245296"/>
<entry key="column_translate" type="xdouble" value="0.0"/>
<entry key="column_min" type="xdouble" value="0.0"/>
<entry key="column_max" type="xdouble" value="1.0"/>
</config>
<config key="74+Mean(measurement)">
<entry key="column_name" type="xstring" value="74+Mean(measurement)"/>
<entry key="column_scale" type="xdouble" value="0.6473359172933195"/>
<entry key="column_translate" type="xdouble" value="0.0"/>
<entry key="column_min" type="xdouble" value="0.0"/>
<entry key="column_max" type="xdouble" value="1.0"/>
</config>
<config key="75+Mean(measurement)">
<entry key="column_name" type="xstring" value="75+Mean(measurement)"/>
<entry key="column_scale" type="xdouble" value="0.6581484928958381"/>
<entry key="column_translate" type="xdouble" value="0.0"/>
<entry key="column_min" type="xdouble" value="0.0"/>
<entry key="column_max" type="xdouble" value="1.0"/>
</config>
<config key="76+Mean(measurement)">
<entry key="column_name" type="xstring" value="76+Mean(measurement)"/>
<entry key="column_scale" type="xdouble" value="0.6835914733604447"/>
<entry key="column_translate" type="xdouble" value="0.0"/>
<entry key="column_min" type="xdouble" value="0.0"/>
<entry key="column_max" type="xdouble" value="1.0"/>
</config>
<config key="77+Mean(measurement)">
<entry key="column_name" type="xstring" value="77+Mean(measurement)"/>
<entry key="column_scale" type="xdouble" value="0.6710787617206275"/>
<entry key="column_translate" type="xdouble" value="0.0"/>
<entry key="column_min" type="xdouble" value="0.0"/>
<entry key="column_max" type="xdouble" value="1.0"/>
</config>
<config key="78+Mean(measurement)">
<entry key="column_name" type="xstring" value="78+Mean(measurement)"/>
<entry key="column_scale" type="xdouble" value="0.6842851614528374"/>
<entry key="column_translate" type="xdouble" value="0.0"/>
<entry key="column_min" type="xdouble" value="0.0"/>
<entry key="column_max" type="xdouble" value="1.0"/>
</config>
<config key="79+Mean(measurement)">
<entry key="column_name" type="xstring" value="79+Mean(measurement)"/>
<entry key="column_scale" type="xdouble" value="0.6917442334911222"/>
<entry key="column_translate" type="xdouble" value="0.0"/>
<entry key="column_min" type="xdouble" value="0.0"/>
<entry key="column_max" type="xdouble" value="1.0"/>
</config>
<config key="80+Mean(measurement)">
<entry key="column_name" type="xstring" value="80+Mean(measurement)"/>
<entry key="column_scale" type="xdouble" value="0.7172536068709078"/>
<entry key="column_translate" type="xdouble" value="0.0"/>
<entry key="column_min" type="xdouble" value="0.0"/>
<entry key="column_max" type="xdouble" value="1.0"/>
</config>
<config key="81+Mean(measurement)">
<entry key="column_name" type="xstring" value="81+Mean(measurement)"/>
<entry key="column_scale" type="xdouble" value="0.7340656598118293"/>
<entry key="column_translate" type="xdouble" value="0.0"/>
<entry key="column_min" type="xdouble" value="0.0"/>
<entry key="column_max" type="xdouble" value="1.0"/>
</config>
<config key="82+Mean(measurement)">
<entry key="column_name" type="xstring" value="82+Mean(measurement)"/>
<entry key="column_scale" type="xdouble" value="0.7202286293998547"/>
<entry key="column_translate" type="xdouble" value="0.0"/>
<entry key="column_min" type="xdouble" value="0.0"/>
<entry key="column_max" type="xdouble" value="1.0"/>
</config>
<config key="83+Mean(measurement)">
<entry key="column_name" type="xstring" value="83+Mean(measurement)"/>
<entry key="column_scale" type="xdouble" value="0.7048756414886553"/>
<entry key="column_translate" type="xdouble" value="0.0"/>
<entry key="column_min" type="xdouble" value="0.0"/>
<entry key="column_max" type="xdouble" value="1.0"/>
</config>
<config key="84+Mean(measurement)">
<entry key="column_name" type="xstring" value="84+Mean(measurement)"/>
<entry key="column_scale" type="xdouble" value="0.732637773822954"/>
<entry key="column_translate" type="xdouble" value="0.0"/>
<entry key="column_min" type="xdouble" value="0.0"/>
<entry key="column_max" type="xdouble" value="1.0"/>
</config>
<config key="85+Mean(measurement)">
<entry key="column_name" type="xstring" value="85+Mean(measurement)"/>
<entry key="column_scale" type="xdouble" value="0.7150784347020791"/>
<entry key="column_translate" type="xdouble" value="0.0"/>
<entry key="column_min" type="xdouble" value="0.0"/>
<entry key="column_max" type="xdouble" value="1.0"/>
</config>
<config key="86+Mean(measurement)">
<entry key="column_name" type="xstring" value="86+Mean(measurement)"/>
<entry key="column_scale" type="xdouble" value="0.7272727272727273"/>
<entry key="column_translate" type="xdouble" value="0.0"/>
<entry key="column_min" type="xdouble" value="0.0"/>
<entry key="column_max" type="xdouble" value="1.0"/>
</config>
<config key="87+Mean(measurement)">
<entry key="column_name" type="xstring" value="87+Mean(measurement)"/>
<entry key="column_scale" type="xdouble" value="0.7125308598718676"/>
<entry key="column_translate" type="xdouble" value="0.0"/>
<entry key="column_min" type="xdouble" value="0.0"/>
<entry key="column_max" type="xdouble" value="1.0"/>
</config>
<config key="88+Mean(measurement)">
<entry key="column_name" type="xstring" value="88+Mean(measurement)"/>
<entry key="column_scale" type="xdouble" value="0.7281125510284148"/>
<entry key="column_translate" type="xdouble" value="0.0"/>
<entry key="column_min" type="xdouble" value="0.0"/>
<entry key="column_max" type="xdouble" value="1.0"/>
</config>
<config key="89+Mean(measurement)">
<entry key="column_name" type="xstring" value="89+Mean(measurement)"/>
<entry key="column_scale" type="xdouble" value="0.7320274670168648"/>
<entry key="column_translate" type="xdouble" value="0.0"/>
<entry key="column_min" type="xdouble" value="0.0"/>
<entry key="column_max" type="xdouble" value="1.0"/>
</config>
<config key="90+Mean(measurement)">
<entry key="column_name" type="xstring" value="90+Mean(measurement)"/>
<entry key="column_scale" type="xdouble" value="0.729981884917142"/>
<entry key="column_translate" type="xdouble" value="0.0"/>
<entry key="column_min" type="xdouble" value="0.0"/>
<entry key="column_max" type="xdouble" value="1.0"/>
</config>
<config key="91+Mean(measurement)">
<entry key="column_name" type="xstring" value="91+Mean(measurement)"/>
<entry key="column_scale" type="xdouble" value="0.7564101974522149"/>
<entry key="column_translate" type="xdouble" value="0.0"/>
<entry key="column_min" type="xdouble" value="0.0"/>
<entry key="column_max" type="xdouble" value="1.0"/>
</config>
<config key="92+Mean(measurement)">
<entry key="column_name" type="xstring" value="92+Mean(measurement)"/>
<entry key="column_scale" type="xdouble" value="0.7384771623474723"/>
<entry key="column_translate" type="xdouble" value="0.0"/>
<entry key="column_min" type="xdouble" value="0.0"/>
<entry key="column_max" type="xdouble" value="1.0"/>
</config>
<config key="93+Mean(measurement)">
<entry key="column_name" type="xstring" value="93+Mean(measurement)"/>
<entry key="column_scale" type="xdouble" value="0.7368821987505183"/>
<entry key="column_translate" type="xdouble" value="0.0"/>
<entry key="column_min" type="xdouble" value="0.0"/>
<entry key="column_max" type="xdouble" value="1.0"/>
</config>
<config key="94+Mean(measurement)">
<entry key="column_name" type="xstring" value="94+Mean(measurement)"/>
<entry key="column_scale" type="xdouble" value="0.7683949842869668"/>
<entry key="column_translate" type="xdouble" value="0.0"/>
<entry key="column_min" type="xdouble" value="0.0"/>
<entry key="column_max" type="xdouble" value="1.0"/>
</config>
<config key="95+Mean(measurement)">
<entry key="column_name" type="xstring" value="95+Mean(measurement)"/>
<entry key="column_scale" type="xdouble" value="0.7491411132030212"/>
<entry key="column_translate" type="xdouble" value="0.0"/>
<entry key="column_min" type="xdouble" value="0.0"/>
<entry key="column_max" type="xdouble" value="1.0"/>
</config>
<config key="96+Mean(measurement)">
<entry key="column_name" type="xstring" value="96+Mean(measurement)"/>
<entry key="column_scale" type="xdouble" value="0.7686194367091252"/>
<entry key="column_translate" type="xdouble" value="0.0"/>
<entry key="column_min" type="xdouble" value="0.0"/>
<entry key="column_max" type="xdouble" value="1.0"/>
</config>
</config>
<entry key="summary" type="xstring" value="Min/Max (0.0, 1) normalization on 96 column(s)"/>
</config>
</config>
