<?xml version="1.0" encoding="UTF-8"?>
<config xmlns="http://www.knime.org/2008/09/XMLConfig" xmlns:xsi="http://www.w3.org/2001/XMLSchema-instance" xsi:schemaLocation="http://www.knime.org/2008/09/XMLConfig http://www.knime.org/XMLConfig_2008_09.xsd" key="model.xml">
<entry key="version" type="xint" value="1"/>
<entry key="class_name" type="xstring" value="org.knime.base.data.normalize.NormalizerPortObject"/>
<config key="model">
<config key="columns">
<config key="1+Mean(measurement)">
<entry key="column_name" type="xstring" value="1+Mean(measurement)"/>
<entry key="column_scale" type="xdouble" value="3.0207191260714934"/>
<entry key="column_translate" type="xdouble" value="0.0"/>
<entry key="column_min" type="xdouble" value="0.0"/>
<entry key="column_max" type="xdouble" value="1.0"/>
</config>
<config key="2+Mean(measurement)">
<entry key="column_name" type="xstring" value="2+Mean(measurement)"/>
<entry key="column_scale" type="xdouble" value="3.117527817589528"/>
<entry key="column_translate" type="xdouble" value="0.0"/>
<entry key="column_min" type="xdouble" value="0.0"/>
<entry key="column_max" type="xdouble" value="1.0"/>
</config>
<config key="3+Mean(measurement)">
<entry key="column_name" type="xstring" value="3+Mean(measurement)"/>
<entry key="column_scale" type="xdouble" value="3.3202074979282368"/>
<entry key="column_translate" type="xdouble" value="0.0"/>
<entry key="column_min" type="xdouble" value="0.0"/>
<entry key="column_max" type="xdouble" value="1.0"/>
</config>
<config key="4+Mean(measurement)">
<entry key="column_name" type="xstring" value="4+Mean(measurement)"/>
<entry key="column_scale" type="xdouble" value="2.839239384043433"/>
<entry key="column_translate" type="xdouble" value="0.0"/>
<entry key="column_min" type="xdouble" value="0.0"/>
<entry key="column_max" type="xdouble" value="1.0"/>
</config>
<config key="5+Mean(measurement)">
<entry key="column_name" type="xstring" value="5+Mean(measurement)"/>
<entry key="column_scale" type="xdouble" value="3.3387644024276724"/>
<entry key="column_translate" type="xdouble" value="0.0"/>
<entry key="column_min" type="xdouble" value="0.0"/>
<entry key="column_max" type="xdouble" value="1.0"/>
</config>
<config key="6+Mean(measurement)">
<entry key="column_name" type="xstring" value="6+Mean(measurement)"/>
<entry key="column_scale" type="xdouble" value="3.343441582096905"/>
<entry key="column_translate" type="xdouble" value="0.0"/>
<entry key="column_min" type="xdouble" value="0.0"/>
<entry key="column_max" type="xdouble" value="1.0"/>
</config>
<config key="7+Mean(measurement)">
<entry key="column_name" type="xstring" value="7+Mean(measurement)"/>
<entry key="column_scale" type="xdouble" value="3.358849409185855"/>
<entry key="column_translate" type="xdouble" value="0.0"/>
<entry key="column_min" type="xdouble" value="0.0"/>
<entry key="column_max" type="xdouble" value="1.0"/>
</config>
<config key="8+Mean(measurement)">
<entry key="column_name" type="xstring" value="8+Mean(measurement)"/>
<entry key="column_scale" type="xdouble" value="3.2548586292656663"/>
<entry key="column_translate" type="xdouble" value="0.0"/>
<entry key="column_min" type="xdouble" value="0.0"/>
<entry key="column_max" type="xdouble" value="1.0"/>
</config>
<config key="9+Mean(measurement)">
<entry key="column_name" type="xstring" value="9+Mean(measurement)"/>
<entry key="column_scale" type="xdouble" value="3.1476433409729823"/>
<entry key="column_translate" type="xdouble" value="0.0"/>
<entry key="column_min" type="xdouble" value="0.0"/>
<entry key="column_max" type="xdouble" value="1.0"/>
</config>
<config key="10+Mean(measurement)">
<entry key="column_name" type="xstring" value="10+Mean(measurement)"/>
<entry key="column_scale" type="xdouble" value="3.2094384626266494"/>
<entry key="column_translate" type="xdouble" value="0.0"/>
<entry key="column_min" type="xdouble" value="0.0"/>
<entry key="column_max" type="xdouble" value="1.0"/>
</config>
<config key="11+Mean(measurement)">
<entry key="column_name" type="xstring" value="11+Mean(measurement)"/>
<entry key="column_scale" type="xdouble" value="3.41730809537379"/>
<entry key="column_translate" type="xdouble" value="0.0"/>
<entry key="column_min" type="xdouble" value="0.0"/>
<entry key="column_max" type="xdouble" value="1.0"/>
</config>
<config key="12+Mean(measurement)">
<entry key="column_name" type="xstring" value="12+Mean(measurement)"/>
<entry key="column_scale" type="xdouble" value="3.6701962983931584"/>
<entry key="column_translate" type="xdouble" value="0.0"/>
<entry key="column_min" type="xdouble" value="0.0"/>
<entry key="column_max" type="xdouble" value="1.0"/>
</config>
<config key="13+Mean(measurement)">
<entry key="column_name" type="xstring" value="13+Mean(measurement)"/>
<entry key="column_scale" type="xdouble" value="2.957390035097071"/>
<entry key="column_translate" type="xdouble" value="0.0"/>
<entry key="column_min" type="xdouble" value="0.0"/>
<entry key="column_max" type="xdouble" value="1.0"/>
</config>
<config key="14+Mean(measurement)">
<entry key="column_name" type="xstring" value="14+Mean(measurement)"/>
<entry key="column_scale" type="xdouble" value="2.92903821082536"/>
<entry key="column_translate" type="xdouble" value="0.0"/>
<entry key="column_min" type="xdouble" value="0.0"/>
<entry key="column_max" type="xdouble" value="1.0"/>
</config>
<config key="15+Mean(measurement)">
<entry key="column_name" type="xstring" value="15+Mean(measurement)"/>
<entry key="column_scale" type="xdouble" value="2.9302053527562384"/>
<entry key="column_translate" type="xdouble" value="0.0"/>
<entry key="column_min" type="xdouble" value="0.0"/>
<entry key="column_max" type="xdouble" value="1.0"/>
</config>
<config key="16+Mean(measurement)">
<entry key="column_name" type="xstring" value="16+Mean(measurement)"/>
<entry key="column_scale" type="xdouble" value="3.1610759126083137"/>
<entry key="column_translate" type="xdouble" value="0.0"/>
<entry key="column_min" type="xdouble" value="0.0"/>
<entry key="column_max" type="xdouble" value="1.0"/>
</config>
<config key="17+Mean(measurement)">
<entry key="column_name" type="xstring" value="17+Mean(measurement)"/>
<entry key="column_scale" type="xdouble" value="3.008505099571952"/>
<entry key="column_translate" type="xdouble" value="0.0"/>
<entry key="column_min" type="xdouble" value="0.0"/>
<entry key="column_max" type="xdouble" value="1.0"/>
</config>
<config key="18+Mean(measurement)">
<entry key="column_name" type="xstring" value="18+Mean(measurement)"/>
<entry key="column_scale" type="xdouble" value="3.6829430148902955"/>
<entry key="column_translate" type="xdouble" value="0.0"/>
<entry key="column_min" type="xdouble" value="0.0"/>
<entry key="column_max" type="xdouble" value="1.0"/>
</config>
<config key="19+Mean(measurement)">
<entry key="column_name" type="xstring" value="19+Mean(measurement)"/>
<entry key="column_scale" type="xdouble" value="4.089979611920125"/>
<entry key="column_translate" type="xdouble" value="0.0"/>
<entry key="column_min" type="xdouble" value="0.0"/>
<entry key="column_max" type="xdouble" value="1.0"/>
</config>
<config key="20+Mean(measurement)">
<entry key="column_name" type="xstring" value="20+Mean(measurement)"/>
<entry key="column_scale" type="xdouble" value="3.2023262137193584"/>
<entry key="column_translate" type="xdouble" value="0.0"/>
<entry key="column_min" type="xdouble" value="0.0"/>
<entry key="column_max" type="xdouble" value="1.0"/>
</config>
<config key="21+Mean(measurement)">
<entry key="column_name" type="xstring" value="21+Mean(measurement)"/>
<entry key="column_scale" type="xdouble" value="3.546665200975812"/>
<entry key="column_translate" type="xdouble" value="0.0"/>
<entry key="column_min" type="xdouble" value="0.0"/>
<entry key="column_max" type="xdouble" value="1.0"/>
</config>
<config key="22+Mean(measurement)">
<entry key="column_name" type="xstring" value="22+Mean(measurement)"/>
<entry key="column_scale" type="xdouble" value="3.624974558308468"/>
<entry key="column_translate" type="xdouble" value="0.0"/>
<entry key="column_min" type="xdouble" value="0.0"/>
<entry key="column_max" type="xdouble" value="1.0"/>
</config>
<config key="23+Mean(measurement)">
<entry key="column_name" type="xstring" value="23+Mean(measurement)"/>
<entry key="column_scale" type="xdouble" value="3.4451751996987947"/>
<entry key="column_translate" type="xdouble" value="0.0"/>
<entry key="column_min" type="xdouble" value="0.0"/>
<entry key="column_max" type="xdouble" value="1.0"/>
</config>
<config key="24+Mean(measurement)">
<entry key="column_name" type="xstring" value="24+Mean(measurement)"/>
<entry key="column_scale" type="xdouble" value="3.6346453915805"/>
<entry key="column_translate" type="xdouble" value="0.0"/>
<entry key="column_min" type="xdouble" value="0.0"/>
<entry key="column_max" type="xdouble" value="1.0"/>
</config>
<config key="25+Mean(measurement)">
<entry key="column_name" type="xstring" value="25+Mean(measurement)"/>
<entry key="column_scale" type="xdouble" value="3.8694447647734456"/>
<entry key="column_translate" type="xdouble" value="0.0"/>
<entry key="column_min" type="xdouble" value="0.0"/>
<entry key="column_max" type="xdouble" value="1.0"/>
</config>
<config key="26+Mean(measurement)">
<entry key="column_name" type="xstring" value="26+Mean(measurement)"/>
<entry key="column_scale" type="xdouble" value="3.2367384082675157"/>
<entry key="column_translate" type="xdouble" value="0.0"/>
<entry key="column_min" type="xdouble" value="0.0"/>
<entry key="column_max" type="xdouble" value="1.0"/>
</config>
<config key="27+Mean(measurement)">
<entry key="column_name" type="xstring" value="27+Mean(measurement)"/>
<entry key="column_scale" type="xdouble" value="3.0332260258543164"/>
<entry key="column_translate" type="xdouble" value="0.0"/>
<entry key="column_min" type="xdouble" value="0.0"/>
<entry key="column_max" type="xdouble" value="1.0"/>
</config>
<config key="28+Mean(measurement)">
<entry key="column_name" type="xstring" value="28+Mean(measurement)"/>
<entry key="column_scale" type="xdouble" value="2.478241037264277"/>
<entry key="column_translate" type="xdouble" value="0.0"/>
<entry key="column_min" type="xdouble" value="0.0"/>
<entry key="column_max" type="xdouble" value="1.0"/>
</config>
<config key="29+Mean(measurement)">
<entry key="column_name" type="xstring" value="29+Mean(measurement)"/>
<entry key="column_scale" type="xdouble" value="2.0128094953188413"/>
<entry key="column_translate" type="xdouble" value="0.0"/>
<entry key="column_min" type="xdouble" value="0.0"/>
<entry key="column_max" type="xdouble" value="1.0"/>
</config>
<config key="30+Mean(measurement)">
<entry key="column_name" type="xstring" value="30+Mean(measurement)"/>
<entry key="column_scale" type="xdouble" value="2.2057330704245204"/>
<entry key="column_translate" type="xdouble" value="0.0"/>
<entry key="column_min" type="xdouble" value="0.0"/>
<entry key="column_max" type="xdouble" value="1.0"/>
</config>
<config key="31+Mean(measurement)">
<entry key="column_name" type="xstring" value="31+Mean(measurement)"/>
<entry key="column_scale" type="xdouble" value="1.8653548459186924"/>
<entry key="column_translate" type="xdouble" value="0.0"/>
<entry key="column_min" type="xdouble" value="0.0"/>
<entry key="column_max" type="xdouble" value="1.0"/>
</config>
<config key="32+Mean(measurement)">
<entry key="column_name" type="xstring" value="32+Mean(measurement)"/>
<entry key="column_scale" type="xdouble" value="1.927120252960998"/>
<entry key="column_translate" type="xdouble" value="0.0"/>
<entry key="column_min" type="xdouble" value="0.0"/>
<entry key="column_max" type="xdouble" value="1.0"/>
</config>
<config key="33+Mean(measurement)">
<entry key="column_name" type="xstring" value="33+Mean(measurement)"/>
<entry key="column_scale" type="xdouble" value="1.928301928863275"/>
<entry key="column_translate" type="xdouble" value="0.0"/>
<entry key="column_min" type="xdouble" value="0.0"/>
<entry key="column_max" type="xdouble" value="1.0"/>
</config>
<config key="34+Mean(measurement)">
<entry key="column_name" type="xstring" value="34+Mean(measurement)"/>
<entry key="column_scale" type="xdouble" value="1.9469040597248677"/>
<entry key="column_translate" type="xdouble" value="0.0"/>
<entry key="column_min" type="xdouble" value="0.0"/>
<entry key="column_max" type="xdouble" value="1.0"/>
</config>
<config key="35+Mean(measurement)">
<entry key="column_name" type="xstring" value="35+Mean(measurement)"/>
<entry key="column_scale" type="xdouble" value="1.9315198287638824"/>
<entry key="column_translate" type="xdouble" value="0.0"/>
<entry key="column_min" type="xdouble" value="0.0"/>
<entry key="column_max" type="xdouble" value="1.0"/>
</config>
<config key="36+Mean(measurement)">
<entry key="column_name" type="xstring" value="36+Mean(measurement)"/>
<entry key="column_scale" type="xdouble" value="1.94793551333193"/>
<entry key="column_translate" type="xdouble" value="0.0"/>
<entry key="column_min" type="xdouble" value="0.0"/>
<entry key="column_max" type="xdouble" value="1.0"/>
</config>
<config key="37+Mean(measurement)">
<entry key="column_name" type="xstring" value="37+Mean(measurement)"/>
<entry key="column_scale" type="xdouble" value="1.930501905622605"/>
<entry key="column_translate" type="xdouble" value="0.0"/>
<entry key="column_min" type="xdouble" value="0.0"/>
<entry key="column_max" type="xdouble" value="1.0"/>
</config>
<config key="38+Mean(measurement)">
<entry key="column_name" type="xstring" value="38+Mean(measurement)"/>
<entry key="column_scale" type="xdouble" value="1.9414045210293744"/>
<entry key="column_translate" type="xdouble" value="0.0"/>
<entry key="column_min" type="xdouble" value="0.0"/>
<entry key="column_max" type="xdouble" value="1.0"/>
</config>
<config key="39+Mean(measurement)">
<entry key="column_name" type="xstring" value="39+Mean(measurement)"/>
<entry key="column_scale" type="xdouble" value="1.9245907845213364"/>
<entry key="column_translate" type="xdouble" value="0.0"/>
<entry key="column_min" type="xdouble" value="0.0"/>
<entry key="column_max" type="xdouble" value="1.0"/>
</config>
<config key="40+Mean(measurement)">
<entry key="column_name" type="xstring" value="40+Mean(measurement)"/>
<entry key="column_scale" type="xdouble" value="1.9677989800230569"/>
<entry key="column_translate" type="xdouble" value="0.0"/>
<entry key="column_min" type="xdouble" value="0.0"/>
<entry key="column_max" type="xdouble" value="1.0"/>
</config>
<config key="41+Mean(measurement)">
<entry key="column_name" type="xstring" value="41+Mean(measurement)"/>
<entry key="column_scale" type="xdouble" value="1.9828758882465207"/>
<entry key="column_translate" type="xdouble" value="0.0"/>
<entry key="column_min" type="xdouble" value="0.0"/>
<entry key="column_max" type="xdouble" value="1.0"/>
</config>
<config key="42+Mean(measurement)">
<entry key="column_name" type="xstring" value="42+Mean(measurement)"/>
<entry key="column_scale" type="xdouble" value="2.1042575516876614"/>
<entry key="column_translate" type="xdouble" value="0.0"/>
<entry key="column_min" type="xdouble" value="0.0"/>
<entry key="column_max" type="xdouble" value="1.0"/>
</config>
<config key="43+Mean(measurement)">
<entry key="column_name" type="xstring" value="43+Mean(measurement)"/>
<entry key="column_scale" type="xdouble" value="1.9952830721611943"/>
<entry key="column_translate" type="xdouble" value="0.0"/>
<entry key="column_min" type="xdouble" value="0.0"/>
<entry key="column_max" type="xdouble" value="1.0"/>
</config>
<config key="44+Mean(measurement)">
<entry key="column_name" type="xstring" value="44+Mean(measurement)"/>
<entry key="column_scale" type="xdouble" value="1.9764604319530057"/>
<entry key="column_translate" type="xdouble" value="0.0"/>
<entry key="column_min" type="xdouble" value="0.0"/>
<entry key="column_max" type="xdouble" value="1.0"/>
</config>
<config key="45+Mean(measurement)">
<entry key="column_name" type="xstring" value="45+Mean(measurement)"/>
<entry key="column_scale" type="xdouble" value="2.052048110778104"/>
<entry key="column_translate" type="xdouble" value="0.0"/>
<entry key="column_min" type="xdouble" value="0.0"/>
<entry key="column_max" type="xdouble" value="1.0"/>
</config>
<config key="46+Mean(measurement)">
<entry key="column_name" type="xstring" value="46+Mean(measurement)"/>
<entry key="column_scale" type="xdouble" value="2.087578105859266"/>
<entry key="column_translate" type="xdouble" value="0.0"/>
<entry key="column_min" type="xdouble" value="0.0"/>
<entry key="column_max" type="xdouble" value="1.0"/>
</config>
<config key="47+Mean(measurement)">
<entry key="column_name" type="xstring" value="47+Mean(measurement)"/>
<entry key="column_scale" type="xdouble" value="2.1176838716220696"/>
<entry key="column_translate" type="xdouble" value="0.0"/>
<entry key="column_min" type="xdouble" value="0.0"/>
<entry key="column_max" type="xdouble" value="1.0"/>
</config>
<config key="48+Mean(measurement)">
<entry key="column_name" type="xstring" value="48+Mean(measurement)"/>
<entry key="column_scale" type="xdouble" value="2.1578278257685466"/>
<entry key="column_translate" type="xdouble" value="0.0"/>
<entry key="column_min" type="xdouble" value="0.0"/>
<entry key="column_max" type="xdouble" value="1.0"/>
</config>
<config key="49+Mean(measurement)">
<entry key="column_name" type="xstring" value="49+Mean(measurement)"/>
<entry key="column_scale" type="xdouble" value="2.216626506215115"/>
<entry key="column_translate" type="xdouble" value="0.0"/>
<entry key="column_min" type="xdouble" value="0.0"/>
<entry key="column_max" type="xdouble" value="1.0"/>
</config>
<config key="50+Mean(measurement)">
<entry key="column_name" type="xstring" value="50+Mean(measurement)"/>
<entry key="column_scale" type="xdouble" value="2.163865180694991"/>
<entry key="column_translate" type="xdouble" value="0.0"/>
<entry key="column_min" type="xdouble" value="0.0"/>
<entry key="column_max" type="xdouble" value="1.0"/>
</config>
<config key="51+Mean(measurement)">
<entry key="column_name" type="xstring" value="51+Mean(measurement)"/>
<entry key="column_scale" type="xdouble" value="2.0924485679533475"/>
<entry key="column_translate" type="xdouble" value="0.0"/>
<entry key="column_min" type="xdouble" value="0.0"/>
<entry key="column_max" type="xdouble" value="1.0"/>
</config>
<config key="52+Mean(measurement)">
<entry key="column_name" type="xstring" value="52+Mean(measurement)"/>
<entry key="column_scale" type="xdouble" value="2.0778227937334455"/>
<entry key="column_translate" type="xdouble" value="0.0"/>
<entry key="column_min" type="xdouble" value="0.0"/>
<entry key="column_max" type="xdouble" value="1.0"/>
</config>
<config key="53+Mean(measurement)">
<entry key="column_name" type="xstring" value="53+Mean(measurement)"/>
<entry key="column_scale" type="xdouble" value="2.4283928254414477"/>
<entry key="column_translate" type="xdouble" value="0.0"/>
<entry key="column_min" type="xdouble" value="0.0"/>
<entry key="column_max" type="xdouble" value="1.0"/>
</config>
<config key="54+Mean(measurement)">
<entry key="column_name" type="xstring" value="54+Mean(measurement)"/>
<entry key="column_scale" type="xdouble" value="2.731054054949363"/>
<entry key="column_translate" type="xdouble" value="0.0"/>
<entry key="column_min" type="xdouble" value="0.0"/>
<entry key="column_max" type="xdouble" value="1.0"/>
</config>
<config key="55+Mean(measurement)">
<entry key="column_name" type="xstring" value="55+Mean(measurement)"/>
<entry key="column_scale" type="xdouble" value="2.995985463309249"/>
<entry key="column_translate" type="xdouble" value="0.0"/>
<entry key="column_min" type="xdouble" value="0.0"/>
<entry key="column_max" type="xdouble" value="1.0"/>
</config>
<config key="56+Mean(measurement)">
<entry key="column_name" type="xstring" value="56+Mean(measurement)"/>
<entry key="column_scale" type="xdouble" value="2.9855111948110395"/>
<entry key="column_translate" type="xdouble" value="0.0"/>
<entry key="column_min" type="xdouble" value="0.0"/>
<entry key="column_max" type="xdouble" value="1.0"/>
</config>
<config key="57+Mean(measurement)">
<entry key="column_name" type="xstring" value="57+Mean(measurement)"/>
<entry key="column_scale" type="xdouble" value="3.079130638102471"/>
<entry key="column_translate" type="xdouble" value="0.0"/>
<entry key="column_min" type="xdouble" value="0.0"/>
<entry key="column_max" type="xdouble" value="1.0"/>
</config>
<config key="58+Mean(measurement)">
<entry key="column_name" type="xstring" value="58+Mean(measurement)"/>
<entry key="column_scale" type="xdouble" value="2.450710130021667"/>
<entry key="column_translate" type="xdouble" value="0.0"/>
<entry key="column_min" type="xdouble" value="0.0"/>
<entry key="column_max" type="xdouble" value="1.0"/>
</config>
<config key="59+Mean(measurement)">
<entry key="column_name" type="xstring" value="59+Mean(measurement)"/>
<entry key="column_scale" type="xdouble" value="2.7027026678716473"/>
<entry key="column_translate" type="xdouble" value="0.0"/>
<entry key="column_min" type="xdouble" value="0.0"/>
<entry key="column_max" type="xdouble" value="1.0"/>
</config>
<config key="60+Mean(measurement)">
<entry key="column_name" type="xstring" value="60+Mean(measurement)"/>
<entry key="column_scale" type="xdouble" value="2.52148934433855"/>
<entry key="column_translate" type="xdouble" value="0.0"/>
<entry key="column_min" type="xdouble" value="0.0"/>
<entry key="column_max" type="xdouble" value="1.0"/>
</config>
<config key="61+Mean(measurement)">
<entry key="column_name" type="xstring" value="61+Mean(measurement)"/>
<entry key="column_scale" type="xdouble" value="2.0413829488739745"/>
<entry key="column_translate" type="xdouble" value="0.0"/>
<entry key="column_min" type="xdouble" value="0.0"/>
<entry key="column_max" type="xdouble" value="1.0"/>
</config>
<config key="62+Mean(measurement)">
<entry key="column_name" type="xstring" value="62+Mean(measurement)"/>
<entry key="column_scale" type="xdouble" value="2.013178306480102"/>
<entry key="column_translate" type="xdouble" value="0.0"/>
<entry key="column_min" type="xdouble" value="0.0"/>
<entry key="column_max" type="xdouble" value="1.0"/>
</config>
<config key="63+Mean(measurement)">
<entry key="column_name" type="xstring" value="63+Mean(measurement)"/>
<entry key="column_scale" type="xdouble" value="1.9716787975981485"/>
<entry key="column_translate" type="xdouble" value="0.0"/>
<entry key="column_min" type="xdouble" value="0.0"/>
<entry key="column_max" type="xdouble" value="1.0"/>
</config>
<config key="64+Mean(measurement)">
<entry key="column_name" type="xstring" value="64+Mean(measurement)"/>
<entry key="column_scale" type="xdouble" value="1.786004555812536"/>
<entry key="column_translate" type="xdouble" value="0.0"/>
<entry key="column_min" type="xdouble" value="0.0"/>
<entry key="column_max" type="xdouble" value="1.0"/>
</config>
<config key="65+Mean(measurement)">
<entry key="column_name" type="xstring" value="65+Mean(measurement)"/>
<entry key="column_scale" type="xdouble" value="1.5827342771755901"/>
<entry key="column_translate" type="xdouble" value="0.0"/>
<entry key="column_min" type="xdouble" value="0.0"/>
<entry key="column_max" type="xdouble" value="1.0"/>
</config>
<config key="66+Mean(measurement)">
<entry key="column_name" type="xstring" value="66+Mean(measurement)"/>
<entry key="column_scale" type="xdouble" value="1.5476618264535975"/>
<entry key="column_translate" type="xdouble" value="0.0"/>
<entry key="column_min" type="xdouble" value="0.0"/>
<entry key="column_max" type="xdouble" value="1.0"/>
</config>
<config key="67+Mean(measurement)">
<entry key="column_name" type="xstring" value="67+Mean(measurement)"/>
<entry key="column_scale" type="xdouble" value="1.4615032949388402"/>
<entry key="column_translate" type="xdouble" value="0.0"/>
<entry key="column_min" type="xdouble" value="0.0"/>
<entry key="column_max" type="xdouble" value="1.0"/>
</config>
<config key="68+Mean(measurement)">
<entry key="column_name" type="xstring" value="68+Mean(measurement)"/>
<entry key="column_scale" type="xdouble" value="1.4939555108501608"/>
<entry key="column_translate" type="xdouble" value="0.0"/>
<entry key="column_min" type="xdouble" value="0.0"/>
<entry key="column_max" type="xdouble" value="1.0"/>
</config>
<config key="69+Mean(measurement)">
<entry key="column_name" type="xstring" value="69+Mean(measurement)"/>
<entry key="column_scale" type="xdouble" value="1.6053709046082079"/>
<entry key="column_translate" type="xdouble" value="0.0"/>
<entry key="column_min" type="xdouble" value="0.0"/>
<entry key="column_max" type="xdouble" value="1.0"/>
</config>
<config key="70+Mean(measurement)">
<entry key="column_name" type="xstring" value="70+Mean(measurement)"/>
<entry key="column_scale" type="xdouble" value="1.5869589728571742"/>
<entry key="column_translate" type="xdouble" value="0.0"/>
<entry key="column_min" type="xdouble" value="0.0"/>
<entry key="column_max" type="xdouble" value="1.0"/>
</config>
<config key="71+Mean(measurement)">
<entry key="column_name" type="xstring" value="71+Mean(measurement)"/>
<entry key="column_scale" type="xdouble" value="1.5876443737530004"/>
<entry key="column_translate" type="xdouble" value="0.0"/>
<entry key="column_min" type="xdouble" value="0.0"/>
<entry key="column_max" type="xdouble" value="1.0"/>
</config>
<config key="72+Mean(measurement)">
<entry key="column_name" type="xstring" value="72+Mean(measurement)"/>
<entry key="column_scale" type="xdouble" value="1.625897262873976"/>
<entry key="column_translate" type="xdouble" value="0.0"/>
<entry key="column_min" type="xdouble" value="0.0"/>
<entry key="column_max" type="xdouble" value="1.0"/>
</config>
<config key="73+Mean(measurement)">
<entry key="column_name" type="xstring" value="73+Mean(measurement)"/>
<entry key="column_scale" type="xdouble" value="1.640199253732146"/>
<entry key="column_translate" type="xdouble" value="0.0"/>
<entry key="column_min" type="xdouble" value="0.0"/>
<entry key="column_max" type="xdouble" value="1.0"/>
</config>
<config key="74+Mean(measurement)">
<entry key="column_name" type="xstring" value="74+Mean(measurement)"/>
<entry key="column_scale" type="xdouble" value="1.7413321138526132"/>
<entry key="column_translate" type="xdouble" value="0.0"/>
<entry key="column_min" type="xdouble" value="0.0"/>
<entry key="column_max" type="xdouble" value="1.0"/>
</config>
<config key="75+Mean(measurement)">
<entry key="column_name" type="xstring" value="75+Mean(measurement)"/>
<entry key="column_scale" type="xdouble" value="1.8227020555516626"/>
<entry key="column_translate" type="xdouble" value="0.0"/>
<entry key="column_min" type="xdouble" value="0.0"/>
<entry key="column_max" type="xdouble" value="1.0"/>
</config>
<config key="76+Mean(measurement)">
<entry key="column_name" type="xstring" value="76+Mean(measurement)"/>
<entry key="column_scale" type="xdouble" value="1.870588850488502"/>
<entry key="column_translate" type="xdouble" value="0.0"/>
<entry key="column_min" type="xdouble" value="0.0"/>
<entry key="column_max" type="xdouble" value="1.0"/>
</config>
<config key="77+Mean(measurement)">
<entry key="column_name" type="xstring" value="77+Mean(measurement)"/>
<entry key="column_scale" type="xdouble" value="1.8680484650845226"/>
<entry key="column_translate" type="xdouble" value="0.0"/>
<entry key="column_min" type="xdouble" value="0.0"/>
<entry key="column_max" type="xdouble" value="1.0"/>
</config>
<config key="78+Mean(measurement)">
<entry key="column_name" type="xstring" value="78+Mean(measurement)"/>
<entry key="column_scale" type="xdouble" value="1.8623534596347273"/>
<entry key="column_translate" type="xdouble" value="0.0"/>
<entry key="column_min" type="xdouble" value="0.0"/>
<entry key="column_max" type="xdouble" value="1.0"/>
</config>
<config key="79+Mean(measurement)">
<entry key="column_name" type="xstring" value="79+Mean(measurement)"/>
<entry key="column_scale" type="xdouble" value="2.7566282813407157"/>
<entry key="column_translate" type="xdouble" value="0.0"/>
<entry key="column_min" type="xdouble" value="0.0"/>
<entry key="column_max" type="xdouble" value="1.0"/>
</config>
<config key="80+Mean(measurement)">
<entry key="column_name" type="xstring" value="80+Mean(measurement)"/>
<entry key="column_scale" type="xdouble" value="2.7404392944239633"/>
<entry key="column_translate" type="xdouble" value="0.0"/>
<entry key="column_min" type="xdouble" value="0.0"/>
<entry key="column_max" type="xdouble" value="1.0"/>
</config>
<config key="81+Mean(measurement)">
<entry key="column_name" type="xstring" value="81+Mean(measurement)"/>
<entry key="column_scale" type="xdouble" value="2.6505793930493056"/>
<entry key="column_translate" type="xdouble" value="0.0"/>
<entry key="column_min" type="xdouble" value="0.0"/>
<entry key="column_max" type="xdouble" value="1.0"/>
</config>
<config key="82+Mean(measurement)">
<entry key="column_name" type="xstring" value="82+Mean(measurement)"/>
<entry key="column_scale" type="xdouble" value="2.3505685593051027"/>
<entry key="column_translate" type="xdouble" value="0.0"/>
<entry key="column_min" type="xdouble" value="0.0"/>
<entry key="column_max" type="xdouble" value="1.0"/>
</config>
<config key="83+Mean(measurement)">
<entry key="column_name" type="xstring" value="83+Mean(measurement)"/>
<entry key="column_scale" type="xdouble" value="2.1462450757217417"/>
<entry key="column_translate" type="xdouble" value="0.0"/>
<entry key="column_min" type="xdouble" value="0.0"/>
<entry key="column_max" type="xdouble" value="1.0"/>
</config>
<config key="84+Mean(measurement)">
<entry key="column_name" type="xstring" value="84+Mean(measurement)"/>
<entry key="column_scale" type="xdouble" value="2.1622182834164234"/>
<entry key="column_translate" type="xdouble" value="0.0"/>
<entry key="column_min" type="xdouble" value="0.0"/>
<entry key="column_max" type="xdouble" value="1.0"/>
</config>
<config key="85+Mean(measurement)">
<entry key="column_name" type="xstring" value="85+Mean(measurement)"/>
<entry key="column_scale" type="xdouble" value="2.6315789803903855"/>
<entry key="column_translate" type="xdouble" value="0.0"/>
<entry key="column_min" type="xdouble" value="0.0"/>
<entry key="column_max" type="xdouble" value="1.0"/>
</config>
<config key="86+Mean(measurement)">
<entry key="column_name" type="xstring" value="86+Mean(measurement)"/>
<entry key="column_scale" type="xdouble" value="2.4458249888020793"/>
<entry key="column_translate" type="xdouble" value="0.0"/>
<entry key="column_min" type="xdouble" value="0.0"/>
<entry key="column_max" type="xdouble" value="1.0"/>
</config>
<config key="87+Mean(measurement)">
<entry key="column_name" type="xstring" value="87+Mean(measurement)"/>
<entry key="column_scale" type="xdouble" value="2.4370865852581476"/>
<entry key="column_translate" type="xdouble" value="0.0"/>
<entry key="column_min" type="xdouble" value="0.0"/>
<entry key="column_max" type="xdouble" value="1.0"/>
</config>
<config key="88+Mean(measurement)">
<entry key="column_name" type="xstring" value="88+Mean(measurement)"/>
<entry key="column_scale" type="xdouble" value="2.6096578027794823"/>
<entry key="column_translate" type="xdouble" value="0.0"/>
<entry key="column_min" type="xdouble" value="0.0"/>
<entry key="column_max" type="xdouble" value="1.0"/>
</config>
<config key="89+Mean(measurement)">
<entry key="column_name" type="xstring" value="89+Mean(measurement)"/>
<entry key="column_scale" type="xdouble" value="2.982795145486507"/>
<entry key="column_translate" type="xdouble" value="0.0"/>
<entry key="column_min" type="xdouble" value="0.0"/>
<entry key="column_max" type="xdouble" value="1.0"/>
</config>
<config key="90+Mean(measurement)">
<entry key="column_name" type="xstring" value="90+Mean(measurement)"/>
<entry key="column_scale" type="xdouble" value="2.9032294962381107"/>
<entry key="column_translate" type="xdouble" value="0.0"/>
<entry key="column_min" type="xdouble" value="0.0"/>
<entry key="column_max" type="xdouble" value="1.0"/>
</config>
<config key="91+Mean(measurement)">
<entry key="column_name" type="xstring" value="91+Mean(measurement)"/>
<entry key="column_scale" type="xdouble" value="3.110981063627709"/>
<entry key="column_translate" type="xdouble" value="0.0"/>
<entry key="column_min" type="xdouble" value="0.0"/>
<entry key="column_max" type="xdouble" value="1.0"/>
</config>
<config key="92+Mean(measurement)">
<entry key="column_name" type="xstring" value="92+Mean(measurement)"/>
<entry key="column_scale" type="xdouble" value="3.0544144659809116"/>
<entry key="column_translate" type="xdouble" value="0.0"/>
<entry key="column_min" type="xdouble" value="0.0"/>
<entry key="column_max" type="xdouble" value="1.0"/>
</config>
<config key="93+Mean(measurement)">
<entry key="column_name" type="xstring" value="93+Mean(measurement)"/>
<entry key="column_scale" type="xdouble" value="3.1267784523251634"/>
<entry key="column_translate" type="xdouble" value="0.0"/>
<entry key="column_min" type="xdouble" value="0.0"/>
<entry key="column_max" type="xdouble" value="1.0"/>
</config>
<config key="94+Mean(measurement)">
<entry key="column_name" type="xstring" value="94+Mean(measurement)"/>
<entry key="column_scale" type="xdouble" value="3.048780403592488"/>
<entry key="column_translate" type="xdouble" value="0.0"/>
<entry key="column_min" type="xdouble" value="0.0"/>
<entry key="column_max" type="xdouble" value="1.0"/>
</config>
<config key="95+Mean(measurement)">
<entry key="column_name" type="xstring" value="95+Mean(measurement)"/>
<entry key="column_scale" type="xdouble" value="2.7690399995444683"/>
<entry key="column_translate" type="xdouble" value="0.0"/>
<entry key="column_min" type="xdouble" value="0.0"/>
<entry key="column_max" type="xdouble" value="1.0"/>
</config>
<config key="96+Mean(measurement)">
<entry key="column_name" type="xstring" value="96+Mean(measurement)"/>
<entry key="column_scale" type="xdouble" value="3.2852051846320482"/>
<entry key="column_translate" type="xdouble" value="0.0"/>
<entry key="column_min" type="xdouble" value="0.0"/>
<entry key="column_max" type="xdouble" value="1.0"/>
</config>
</config>
<entry key="summary" type="xstring" value="Min/Max (0.0, 1) normalization on 96 column(s)"/>
</config>
</config>
